{
    "os": "Linux-5.15.133+-x86_64-with-glibc2.35",
    "python": "3.10.12",
    "heartbeatAt": "2023-10-28T05:13:46.300347",
    "startedAt": "2023-10-28T05:13:45.750564",
    "docker": null,
    "cuda": null,
    "args": [
        "-f",
        "/tmp/tmp8n8_th_j.json",
        "--HistoryManager.hist_file=:memory:"
    ],
    "state": "running",
    "program": "<python with no main file>",
    "host": "e007a0218197",
    "username": "root",
    "executable": "/opt/conda/bin/python",
    "cpu_count": 2,
    "cpu_count_logical": 4,
    "cpu_freq": {
        "current": 2000.186,
        "min": 0.0,
        "max": 0.0
    },
    "cpu_freq_per_core": [
        {
            "current": 2000.186,
            "min": 0.0,
            "max": 0.0
        },
        {
            "current": 2000.186,
            "min": 0.0,
            "max": 0.0
        },
        {
            "current": 2000.186,
            "min": 0.0,
            "max": 0.0
        },
        {
            "current": 2000.186,
            "min": 0.0,
            "max": 0.0
        }
    ],
    "disk": {
        "total": 8062.387607574463,
        "used": 5016.680099487305
    },
    "gpu": "Tesla P100-PCIE-16GB",
    "gpu_count": 1,
    "gpu_devices": [
        {
            "name": "Tesla P100-PCIE-16GB",
            "memory_total": 17071734784
        }
    ],
    "memory": {
        "total": 31.357559204101562
    }
}
