{"train/box_loss": 0.40877, "train/cls_loss": 0.25003, "train/dfl_loss": 0.81771, "_timestamp": 1698481089.168558, "lr/pg0": 5.069199999999999e-05, "lr/pg1": 5.069199999999999e-05, "lr/pg2": 5.069199999999999e-05, "metrics/precision(B)": 0.9889252018776584, "metrics/recall(B)": 0.9881971438613353, "metrics/mAP50(B)": 0.9931243426817332, "metrics/mAP50-95(B)": 0.9324688807288182, "val/box_loss": 0.39484, "val/cls_loss": 0.24182, "val/dfl_loss": 0.81496, "labels": {"_type": "image-file", "sha256": "fa493dcb2428d40b0b4b714b17d87402511c468c6f4146fccf3163f66db37735", "size": 151477, "path": "media/images/labels_1_fa493dcb2428d40b0b4b.jpg", "format": "jpg", "width": 1600, "height": 1600}, "train_batch0": {"_type": "image-file", "sha256": "c2293948baa19c01efa5aafc5a21181f9fad9c7cfb40dbfc9c7371f26eb14abc", "size": 572683, "path": "media/images/train_batch0_1_c2293948baa19c01efa5.jpg", "format": "jpg", "width": 1920, "height": 1920}, "train_batch1": {"_type": "image-file", "sha256": "20a7ad038def6cd8e6bff98477dc6b5abb79b359961fda734b680fcef366ebdc", "size": 486016, "path": "media/images/train_batch1_1_20a7ad038def6cd8e6bf.jpg", "format": "jpg", "width": 1920, "height": 1920}, "train_batch2": {"_type": "image-file", "sha256": "4a0a9b10e103d618354cd3a82ce523c2b035f82fc5b241d2196967146510b6e2", "size": 478357, "path": "media/images/train_batch2_1_4a0a9b10e103d618354c.jpg", "format": "jpg", "width": 1920, "height": 1920}, "model/parameters": 3012993, "model/GFLOPs": 8.205, "model/speed_PyTorch(ms)": 2.054, "_runtime": 11063.41099190712, "_step": 30, "train_batch11020": {"_type": "image-file", "sha256": "931c1d5a1bacdf823650ae99882bf2a5fa1e8ce86e9ccb36b2030326aa5ab839", "size": 385351, "path": "media/images/train_batch11020_21_931c1d5a1bacdf823650.jpg", "format": "jpg", "width": 1920, "height": 1920}, "train_batch11021": {"_type": "image-file", "sha256": "2997f90f59031966e658c246d1905e65763ae9e6b62d4e47fecf35d9bd1b58b0", "size": 445144, "path": "media/images/train_batch11021_21_2997f90f59031966e658.jpg", "format": "jpg", "width": 1920, "height": 1920}, "train_batch11022": {"_type": "image-file", "sha256": "5db03a0092ac1b10cc2d61fb47b6a92d86f24eeeef8c4d6baf5e312c8ded18e6", "size": 403965, "path": "media/images/train_batch11022_21_5db03a0092ac1b10cc2d.jpg", "format": "jpg", "width": 1920, "height": 1920}, "val_batch0_pred": {"_type": "image-file", "sha256": "8b1a5b7077501e10e266a19fedf84aea2e5ae381f36906d6fa4f9420e12c1020", "size": 290421, "path": "media/images/val_batch0_pred_30_8b1a5b7077501e10e266.jpg", "format": "jpg", "width": 1920, "height": 824}, "val_batch0_labels": {"_type": "image-file", "sha256": "725b752adbd35e20fd3dbde4238af72b1a2a4ea800cf16856b400d55ad022e5e", "size": 287717, "path": "media/images/val_batch0_labels_30_725b752adbd35e20fd3d.jpg", "format": "jpg", "width": 1920, "height": 824}, "val_batch1_labels": {"_type": "image-file", "sha256": "608a631595897a48fb171c719946c8248649079c8af960b0f7092a73f048e595", "size": 289684, "path": "media/images/val_batch1_labels_30_608a631595897a48fb17.jpg", "format": "jpg", "width": 1920, "height": 824}, "val_batch1_pred": {"_type": "image-file", "sha256": "2eb96d84fbbad1e0f4ed5059f043bbf0829551a9aba4fa6db0392616e37d2ef2", "size": 291978, "path": "media/images/val_batch1_pred_30_2eb96d84fbbad1e0f4ed.jpg", "format": "jpg", "width": 1920, "height": 824}, "val_batch2_labels": {"_type": "image-file", "sha256": "c857780f45e2a8f9df276af97d3bc73bccbfd104a24b880f84885510f2a18f18", "size": 269111, "path": "media/images/val_batch2_labels_30_c857780f45e2a8f9df27.jpg", "format": "jpg", "width": 1920, "height": 824}, "val_batch2_pred": {"_type": "image-file", "sha256": "5914596b346b7c05b1b978e46bf2659be17c772c6fa282c497655c9527b678d5", "size": 273511, "path": "media/images/val_batch2_pred_30_5914596b346b7c05b1b9.jpg", "format": "jpg", "width": 1920, "height": 824}, "PR_curve": {"_type": "image-file", "sha256": "7347da71cf1225ae0b723e4e922fa01b9766d2e13bf7edd5ebb6f7c60247ae8b", "size": 149524, "path": "media/images/PR_curve_30_7347da71cf1225ae0b72.png", "format": "png", "width": 2250, "height": 1500}, "F1_curve": {"_type": "image-file", "sha256": "0afa1dd95997f6197ca8244bbad46b14b2ab1b15303564a81c29e536cf4a45bc", "size": 224680, "path": "media/images/F1_curve_30_0afa1dd95997f6197ca8.png", "format": "png", "width": 2250, "height": 1500}, "P_curve": {"_type": "image-file", "sha256": "82314f27d837376f7587e677c88c9dea24d2feb3bb232b7722a728db1def7516", "size": 141625, "path": "media/images/P_curve_30_82314f27d837376f7587.png", "format": "png", "width": 2250, "height": 1500}, "R_curve": {"_type": "image-file", "sha256": "a2650e255486305ff98608d59f3a983c760ef67b44739e1b9db0b13aa7b2fd1d", "size": 221101, "path": "media/images/R_curve_30_a2650e255486305ff986.png", "format": "png", "width": 2250, "height": 1500}, "confusion_matrix_normalized": {"_type": "image-file", "sha256": "f26de6654cf12f776800f8965f17a95e2b8f59fbf2b8d2b91fca5ab35893daf3", "size": 174419, "path": "media/images/confusion_matrix_normalized_30_f26de6654cf12f776800.png", "format": "png", "width": 3000, "height": 2250}, "confusion_matrix": {"_type": "image-file", "sha256": "f3e0609aea065005d620308b62f04e9656c51ebf988eebcf600f0b6932864d45", "size": 157050, "path": "media/images/confusion_matrix_30_f3e0609aea065005d620.png", "format": "png", "width": 3000, "height": 2250}, "results": {"_type": "image-file", "sha256": "369331bc44edd6b269244e1f12663e704d9974718206ddadbd12ef917b115494", "size": 271392, "path": "media/images/results_30_369331bc44edd6b26924.png", "format": "png", "width": 2400, "height": 1200}, "curves/Precision-Recall(B)_table": {"_type": "table-file", "sha256": "6e718d22a38bc9b2cd62e452591eaff2f8e7f98efa4d6ebfbabf079175c6b9a5", "size": 30358, "artifact_path": "wandb-client-artifact://x8rhnqnul69evjb5755vkir794cwzjuaiunte4zwrxga0t25nofwgdxa68zilxsb37dnlh2o0layw5m81i2bh9e7b0xogqf1137dvqq9j0cr72dpaozy4jj58plu55b9:latest/curves/Precision-Recall(B)_table.table.json", "_latest_artifact_path": "wandb-client-artifact://x8rhnqnul69evjb5755vkir794cwzjuaiunte4zwrxga0t25nofwgdxa68zilxsb37dnlh2o0layw5m81i2bh9e7b0xogqf1137dvqq9j0cr72dpaozy4jj58plu55b9:latest/curves/Precision-Recall(B)_table.table.json", "path": "media/table/curves/Precision-Recall(B)_table_30_6e718d22a38bc9b2cd62.table.json", "ncols": 3, "nrows": 1200}, "curves/F1-Confidence(B)_table": {"_type": "table-file", "sha256": "3f8ca634010bf6ea5f7919da8537b64ebce4f89a76efbf112e07dcd3beffdd0b", "size": 31920, "artifact_path": "wandb-client-artifact://mxnburjiybcbloe96xn7sus3uu4835251dx2i5lv0ajxgqgf7bh1a5qrudk9gzhm4i6f7c9mto73owewwtsbu9w17quh21q4clo75wb1i73v9pn0g2pvusro4u69i0r2:latest/curves/F1-Confidence(B)_table.table.json", "_latest_artifact_path": "wandb-client-artifact://mxnburjiybcbloe96xn7sus3uu4835251dx2i5lv0ajxgqgf7bh1a5qrudk9gzhm4i6f7c9mto73owewwtsbu9w17quh21q4clo75wb1i73v9pn0g2pvusro4u69i0r2:latest/curves/F1-Confidence(B)_table.table.json", "path": "media/table/curves/F1-Confidence(B)_table_30_3f8ca634010bf6ea5f79.table.json", "ncols": 3, "nrows": 1200}, "curves/Precision-Confidence(B)_table": {"_type": "table-file", "sha256": "943830f34b605556b35544ef38dd5ca3c411b0ffa30f0f0e4d488936f06574fe", "size": 31702, "artifact_path": "wandb-client-artifact://ajx0vu0ezgj6syujmq60katcjczvu6b6iy9wthnmmwnmpv7ejjin1fq769ixhfn4d63nykygqfp6fddo81ckyanlzwxaptca8gsk71talm194h8y47yeq0v03boq4fzg:latest/curves/Precision-Confidence(B)_table.table.json", "_latest_artifact_path": "wandb-client-artifact://ajx0vu0ezgj6syujmq60katcjczvu6b6iy9wthnmmwnmpv7ejjin1fq769ixhfn4d63nykygqfp6fddo81ckyanlzwxaptca8gsk71talm194h8y47yeq0v03boq4fzg:latest/curves/Precision-Confidence(B)_table.table.json", "path": "media/table/curves/Precision-Confidence(B)_table_30_943830f34b605556b355.table.json", "ncols": 3, "nrows": 1200}, "curves/Recall-Confidence(B)_table": {"_type": "table-file", "sha256": "98f9724f03262b79ba1f2fa313a8bd97adf8dfa9018d4d292c20fd6b3ec13585", "size": 31174, "artifact_path": "wandb-client-artifact://kn4hb1i12m9nq2jjgo9p4dbu5v2ltlkfcjiactuumlerxsdsq4t9ttaw3mc2xz7wvcegct5402bqkp1i42af2i70gdk7t0q41nmdzt68gzgr711e9n36qhnv3auxy79v:latest/curves/Recall-Confidence(B)_table.table.json", "_latest_artifact_path": "wandb-client-artifact://kn4hb1i12m9nq2jjgo9p4dbu5v2ltlkfcjiactuumlerxsdsq4t9ttaw3mc2xz7wvcegct5402bqkp1i42af2i70gdk7t0q41nmdzt68gzgr711e9n36qhnv3auxy79v:latest/curves/Recall-Confidence(B)_table.table.json", "path": "media/table/curves/Recall-Confidence(B)_table_30_98f9724f03262b79ba1f.table.json", "ncols": 3, "nrows": 1200}, "_wandb": {"runtime": 11062}}