{"train/box_loss": 0.59355, "train/cls_loss": 0.65297, "train/dfl_loss": 0.89212, "_timestamp": 1698305843.2637575, "lr/pg0": 0.000270802, "lr/pg1": 0.000270802, "lr/pg2": 0.000270802, "metrics/precision(B)": 0.9508052519026726, "metrics/recall(B)": 0.9542000026146144, "metrics/mAP50(B)": 0.9811479277164671, "metrics/mAP50-95(B)": 0.8734383280096967, "val/box_loss": 0.49186, "val/cls_loss": 0.4402, "val/dfl_loss": 0.85127, "labels": {"_type": "image-file", "sha256": "fa493dcb2428d40b0b4b714b17d87402511c468c6f4146fccf3163f66db37735", "size": 151477, "path": "media/images/labels_1_fa493dcb2428d40b0b4b.jpg", "format": "jpg", "width": 1600, "height": 1600}, "train_batch0": {"_type": "image-file", "sha256": "c2293948baa19c01efa5aafc5a21181f9fad9c7cfb40dbfc9c7371f26eb14abc", "size": 572683, "path": "media/images/train_batch0_1_c2293948baa19c01efa5.jpg", "format": "jpg", "width": 1920, "height": 1920}, "train_batch1": {"_type": "image-file", "sha256": "20a7ad038def6cd8e6bff98477dc6b5abb79b359961fda734b680fcef366ebdc", "size": 486016, "path": "media/images/train_batch1_1_20a7ad038def6cd8e6bf.jpg", "format": "jpg", "width": 1920, "height": 1920}, "train_batch2": {"_type": "image-file", "sha256": "4a0a9b10e103d618354cd3a82ce523c2b035f82fc5b241d2196967146510b6e2", "size": 478357, "path": "media/images/train_batch2_1_4a0a9b10e103d618354c.jpg", "format": "jpg", "width": 1920, "height": 1920}, "model/parameters": 3012993, "model/GFLOPs": 8.205, "model/speed_PyTorch(ms)": 2.08, "_runtime": 1941.2006623744965, "_step": 5, "val_batch0_labels": {"_type": "image-file", "sha256": "725b752adbd35e20fd3dbde4238af72b1a2a4ea800cf16856b400d55ad022e5e", "size": 287717, "path": "media/images/val_batch0_labels_5_725b752adbd35e20fd3d.jpg", "format": "jpg", "width": 1920, "height": 824}, "val_batch0_pred": {"_type": "image-file", "sha256": "96786d98503f61b49999ec0dadb97eebd29afe2f4c2fbf6b124297d411f6d878", "size": 290072, "path": "media/images/val_batch0_pred_5_96786d98503f61b49999.jpg", "format": "jpg", "width": 1920, "height": 824}, "val_batch1_labels": {"_type": "image-file", "sha256": "608a631595897a48fb171c719946c8248649079c8af960b0f7092a73f048e595", "size": 289684, "path": "media/images/val_batch1_labels_5_608a631595897a48fb17.jpg", "format": "jpg", "width": 1920, "height": 824}, "val_batch1_pred": {"_type": "image-file", "sha256": "a937b812fd4636c6120d8315c4ab584044fd73bb13df4a6ba4ac0650981a577c", "size": 291451, "path": "media/images/val_batch1_pred_5_a937b812fd4636c6120d.jpg", "format": "jpg", "width": 1920, "height": 824}, "val_batch2_pred": {"_type": "image-file", "sha256": "b1167cb816145224c596fa7724a55f2e8b3a84be7dda57f62abca0de5ef111db", "size": 273539, "path": "media/images/val_batch2_pred_5_b1167cb816145224c596.jpg", "format": "jpg", "width": 1920, "height": 824}, "val_batch2_labels": {"_type": "image-file", "sha256": "c857780f45e2a8f9df276af97d3bc73bccbfd104a24b880f84885510f2a18f18", "size": 269111, "path": "media/images/val_batch2_labels_5_c857780f45e2a8f9df27.jpg", "format": "jpg", "width": 1920, "height": 824}, "PR_curve": {"_type": "image-file", "sha256": "8f251a856dee1298b5c7aa88a8ed65f9bd266089ee865c76a3622b32f96362f5", "size": 181103, "path": "media/images/PR_curve_5_8f251a856dee1298b5c7.png", "format": "png", "width": 2250, "height": 1500}, "F1_curve": {"_type": "image-file", "sha256": "bb8192c601678e40302d418353f1036408bea7cddd551b9d154141b46002eef7", "size": 302065, "path": "media/images/F1_curve_5_bb8192c601678e40302d.png", "format": "png", "width": 2250, "height": 1500}, "P_curve": {"_type": "image-file", "sha256": "53e909000723e3c6a131e922240f76ee76ea13de76d79afd04e73b4d3b4bc947", "size": 221039, "path": "media/images/P_curve_5_53e909000723e3c6a131.png", "format": "png", "width": 2250, "height": 1500}, "R_curve": {"_type": "image-file", "sha256": "97346851b4de99343e3d1ad75b1e2a8ff1e6c0b7494c9d417b7509425019cea8", "size": 283716, "path": "media/images/R_curve_5_97346851b4de99343e3d.png", "format": "png", "width": 2250, "height": 1500}, "confusion_matrix_normalized": {"_type": "image-file", "sha256": "f39a4a99e9d17a5c0ad6d3581496004804a862584afd72285e653e6bf93d460e", "size": 198471, "path": "media/images/confusion_matrix_normalized_5_f39a4a99e9d17a5c0ad6.png", "format": "png", "width": 3000, "height": 2250}, "confusion_matrix": {"_type": "image-file", "sha256": "8e3ba8ab4612be4cd46f73399162d77625f15ed26c2cb3077c6cc55958540ce0", "size": 167132, "path": "media/images/confusion_matrix_5_8e3ba8ab4612be4cd46f.png", "format": "png", "width": 3000, "height": 2250}, "results": {"_type": "image-file", "sha256": "987d93faf0834a28f0b0f4780b6d9392fd445fe8b4c59d4e1d7f26cf6e87e875", "size": 290925, "path": "media/images/results_5_987d93faf0834a28f0b0.png", "format": "png", "width": 2400, "height": 1200}, "curves/Precision-Recall(B)_table": {"_type": "table-file", "sha256": "bf145c3efaa1924608287c57ffceec1d108806c8c78bf7d9d03ec1c7171807e0", "size": 30895, "artifact_path": "wandb-client-artifact://10x9y7p7pugvcjhyh96x45sm6q0cjrperb4o0klosl4ecehvo5wrnzid0uddk57eoqvyu94mziip0d0ecv59t5fru23yn3921zsk19del07k09h8tojiqijjbzh6geku:latest/curves/Precision-Recall(B)_table.table.json", "_latest_artifact_path": "wandb-client-artifact://10x9y7p7pugvcjhyh96x45sm6q0cjrperb4o0klosl4ecehvo5wrnzid0uddk57eoqvyu94mziip0d0ecv59t5fru23yn3921zsk19del07k09h8tojiqijjbzh6geku:latest/curves/Precision-Recall(B)_table.table.json", "path": "media/table/curves/Precision-Recall(B)_table_5_bf145c3efaa192460828.table.json", "ncols": 3, "nrows": 1200}, "curves/F1-Confidence(B)_table": {"_type": "table-file", "sha256": "35e792ed2e6bc97329cd2c665f69d3621c338fe64e354657b44e31f41022159d", "size": 31937, "artifact_path": "wandb-client-artifact://arg6sng9eeqj035lj77hm4vuq9alrphvna6wu76efzhvbfm9te8v6w19ka6cykub3d0hi0lw3vpvvgdal07gfidpw1chmxb1qkwy0y4fyzaxjr6jrm9r1ixhbwfhgghh:latest/curves/F1-Confidence(B)_table.table.json", "_latest_artifact_path": "wandb-client-artifact://arg6sng9eeqj035lj77hm4vuq9alrphvna6wu76efzhvbfm9te8v6w19ka6cykub3d0hi0lw3vpvvgdal07gfidpw1chmxb1qkwy0y4fyzaxjr6jrm9r1ixhbwfhgghh:latest/curves/F1-Confidence(B)_table.table.json", "path": "media/table/curves/F1-Confidence(B)_table_5_35e792ed2e6bc97329cd.table.json", "ncols": 3, "nrows": 1200}, "curves/Precision-Confidence(B)_table": {"_type": "table-file", "sha256": "6a50ada2eb27ee4b5a8acbd712d1ea631dd75b35bf1334987897f39f5853dc7a", "size": 31797, "artifact_path": "wandb-client-artifact://p53ayn7b9w8mbrva39hx853e6inzh9cqduliiswlg4tpo7i2g8ew71bgkkvye113pk18fqqonmedc5iq6fx08k1ar3oq0djx5ga1p31a900qeh7wh400z666wy7ohswc:latest/curves/Precision-Confidence(B)_table.table.json", "_latest_artifact_path": "wandb-client-artifact://p53ayn7b9w8mbrva39hx853e6inzh9cqduliiswlg4tpo7i2g8ew71bgkkvye113pk18fqqonmedc5iq6fx08k1ar3oq0djx5ga1p31a900qeh7wh400z666wy7ohswc:latest/curves/Precision-Confidence(B)_table.table.json", "path": "media/table/curves/Precision-Confidence(B)_table_5_6a50ada2eb27ee4b5a8a.table.json", "ncols": 3, "nrows": 1200}, "curves/Recall-Confidence(B)_table": {"_type": "table-file", "sha256": "5562966df357847567c1233cd22996341a1301113ef0bfaabdb279f76dab6d37", "size": 31521, "artifact_path": "wandb-client-artifact://a3pse45mcpe08v6y33c3vuymk5ibyhl7wt8p4m1jqz63kziizyuvldtgm3wrnwbwhz07f0mpl7hr3nnsaake1b7vs00kj6nfufau358udkx0u75fwa846h61ibe1ciff:latest/curves/Recall-Confidence(B)_table.table.json", "_latest_artifact_path": "wandb-client-artifact://a3pse45mcpe08v6y33c3vuymk5ibyhl7wt8p4m1jqz63kziizyuvldtgm3wrnwbwhz07f0mpl7hr3nnsaake1b7vs00kj6nfufau358udkx0u75fwa846h61ibe1ciff:latest/curves/Recall-Confidence(B)_table.table.json", "path": "media/table/curves/Recall-Confidence(B)_table_5_5562966df357847567c1.table.json", "ncols": 3, "nrows": 1200}, "_wandb": {"runtime": 1940}}