{
    "os": "Linux-5.15.133+-x86_64-with-glibc2.35",
    "python": "3.10.12",
    "heartbeatAt": "2023-10-26T06:40:08.347335",
    "startedAt": "2023-10-26T06:40:06.147838",
    "docker": null,
    "cuda": null,
    "args": [],
    "state": "running",
    "program": "kaggle.ipynb",
    "root": "/kaggle/working",
    "host": "bc28e900e328",
    "username": "root",
    "executable": "/opt/conda/bin/python3.10",
    "cpu_count": 2,
    "cpu_count_logical": 4,
    "cpu_freq": {
        "current": 2000.184,
        "min": 0.0,
        "max": 0.0
    },
    "cpu_freq_per_core": [
        {
            "current": 2000.184,
            "min": 0.0,
            "max": 0.0
        },
        {
            "current": 2000.184,
            "min": 0.0,
            "max": 0.0
        },
        {
            "current": 2000.184,
            "min": 0.0,
            "max": 0.0
        },
        {
            "current": 2000.184,
            "min": 0.0,
            "max": 0.0
        }
    ],
    "disk": {
        "total": 8062.387607574463,
        "used": 5016.685405731201
    },
    "gpu": "Tesla P100-PCIE-16GB",
    "gpu_count": 1,
    "gpu_devices": [
        {
            "name": "Tesla P100-PCIE-16GB",
            "memory_total": 17071734784
        }
    ],
    "memory": {
        "total": 31.35755157470703
    }
}
