{"train/box_loss": 0.77623, "train/cls_loss": 2.78299, "train/dfl_loss": 0.94436, "_timestamp": 1698302939.2613559, "lr/pg0": 0.0002219298245614035, "lr/pg1": 0.0002219298245614035, "lr/pg2": 0.0002219298245614035, "metrics/precision(B)": 0.8067151698631331, "metrics/recall(B)": 0.8157062561897956, "metrics/mAP50(B)": 0.8947309547744235, "metrics/mAP50-95(B)": 0.7477455236498504, "val/box_loss": 0.63244, "val/cls_loss": 1.12675, "val/dfl_loss": 0.90721, "labels": {"_type": "image-file", "sha256": "fa493dcb2428d40b0b4b714b17d87402511c468c6f4146fccf3163f66db37735", "size": 151477, "path": "media/images/labels_1_fa493dcb2428d40b0b4b.jpg", "format": "jpg", "width": 1600, "height": 1600}, "train_batch0": {"_type": "image-file", "sha256": "c2293948baa19c01efa5aafc5a21181f9fad9c7cfb40dbfc9c7371f26eb14abc", "size": 572683, "path": "media/images/train_batch0_1_c2293948baa19c01efa5.jpg", "format": "jpg", "width": 1920, "height": 1920}, "train_batch1": {"_type": "image-file", "sha256": "20a7ad038def6cd8e6bff98477dc6b5abb79b359961fda734b680fcef366ebdc", "size": 486016, "path": "media/images/train_batch1_1_20a7ad038def6cd8e6bf.jpg", "format": "jpg", "width": 1920, "height": 1920}, "train_batch2": {"_type": "image-file", "sha256": "4a0a9b10e103d618354cd3a82ce523c2b035f82fc5b241d2196967146510b6e2", "size": 478357, "path": "media/images/train_batch2_1_4a0a9b10e103d618354c.jpg", "format": "jpg", "width": 1920, "height": 1920}, "val_batch0_labels": {"_type": "image-file", "sha256": "725b752adbd35e20fd3dbde4238af72b1a2a4ea800cf16856b400d55ad022e5e", "size": 287717, "path": "media/images/val_batch0_labels_1_725b752adbd35e20fd3d.jpg", "format": "jpg", "width": 1920, "height": 824}, "val_batch0_pred": {"_type": "image-file", "sha256": "3a109b088c95df7e3a05702e35ae5fea4f6b813cc81b6d25bdab2c4da120e2d1", "size": 290404, "path": "media/images/val_batch0_pred_1_3a109b088c95df7e3a05.jpg", "format": "jpg", "width": 1920, "height": 824}, "val_batch1_labels": {"_type": "image-file", "sha256": "608a631595897a48fb171c719946c8248649079c8af960b0f7092a73f048e595", "size": 289684, "path": "media/images/val_batch1_labels_1_608a631595897a48fb17.jpg", "format": "jpg", "width": 1920, "height": 824}, "val_batch1_pred": {"_type": "image-file", "sha256": "032227a683bdc227d5ae6cd6d93db438a6a1ec04c6430ab14fac69ea4743a62c", "size": 292609, "path": "media/images/val_batch1_pred_1_032227a683bdc227d5ae.jpg", "format": "jpg", "width": 1920, "height": 824}, "val_batch2_labels": {"_type": "image-file", "sha256": "c857780f45e2a8f9df276af97d3bc73bccbfd104a24b880f84885510f2a18f18", "size": 269111, "path": "media/images/val_batch2_labels_1_c857780f45e2a8f9df27.jpg", "format": "jpg", "width": 1920, "height": 824}, "val_batch2_pred": {"_type": "image-file", "sha256": "9daa21b67f710ab44a75d33715485b73bfd71c3b4cf9c4a79134334c31881c0e", "size": 270628, "path": "media/images/val_batch2_pred_1_9daa21b67f710ab44a75.jpg", "format": "jpg", "width": 1920, "height": 824}, "PR_curve": {"_type": "image-file", "sha256": "dc2d24e94b6638ff30abc2c9c2171d07a3658c291fbaf21cc3b185a90e7a4dbe", "size": 263954, "path": "media/images/PR_curve_1_dc2d24e94b6638ff30ab.png", "format": "png", "width": 2250, "height": 1500}, "F1_curve": {"_type": "image-file", "sha256": "86aaaa6e3f65c5d5b14559eaeab77a4dfb7baaa42c279e579f775d964f706a91", "size": 414202, "path": "media/images/F1_curve_1_86aaaa6e3f65c5d5b145.png", "format": "png", "width": 2250, "height": 1500}, "P_curve": {"_type": "image-file", "sha256": "de84c6b6cc758f36e085a9e0d5fb793dd97fbdb24fd1ff3e090d5312763b81e4", "size": 330399, "path": "media/images/P_curve_1_de84c6b6cc758f36e085.png", "format": "png", "width": 2250, "height": 1500}, "R_curve": {"_type": "image-file", "sha256": "af147b6b8d0b1d1cdcfe28232c7c40c54aa11191c037ccd460ce20fd9f355179", "size": 365270, "path": "media/images/R_curve_1_af147b6b8d0b1d1cdcfe.png", "format": "png", "width": 2250, "height": 1500}, "confusion_matrix_normalized": {"_type": "image-file", "sha256": "7b4497060c6f8dc291768ba9812283cf02bdf8ead867bdd4498b6c36add08c9d", "size": 239276, "path": "media/images/confusion_matrix_normalized_1_7b4497060c6f8dc29176.png", "format": "png", "width": 3000, "height": 2250}, "confusion_matrix": {"_type": "image-file", "sha256": "a1a85bcd14b7aff5bb8e13607b1864ce51a8effce7816ad6b23bfe4443241e79", "size": 192303, "path": "media/images/confusion_matrix_1_a1a85bcd14b7aff5bb8e.png", "format": "png", "width": 3000, "height": 2250}, "model/parameters": 3012993, "model/GFLOPs": 8.205, "model/speed_PyTorch(ms)": 1.519, "results": {"_type": "image-file", "sha256": "589b4809a9c250ebbb3593b51cd3453c3e4a30fe78fc40ffed7dad3a70d977a6", "size": 165887, "path": "media/images/results_1_589b4809a9c250ebbb35.png", "format": "png", "width": 2400, "height": 1200}, "curves/Precision-Recall(B)_table": {"_type": "table-file", "sha256": "0daecd9a86aa2002ee5abe1d3cf5ce3e7a257ffaaef327d735b46953d9099e33", "size": 31509, "artifact_path": "wandb-client-artifact://zig9ng6sb21624apfoxay4ms163if4ez0ochedk6y38bp1mf3oicbn9ffndqno25u7k5mi3nw6d2nrh5h1sg02htv6pe4d9z3rdyglaeq9wau1r4sxtgwa9fyarw2ad7:latest/curves/Precision-Recall(B)_table.table.json", "_latest_artifact_path": "wandb-client-artifact://zig9ng6sb21624apfoxay4ms163if4ez0ochedk6y38bp1mf3oicbn9ffndqno25u7k5mi3nw6d2nrh5h1sg02htv6pe4d9z3rdyglaeq9wau1r4sxtgwa9fyarw2ad7:latest/curves/Precision-Recall(B)_table.table.json", "path": "media/table/curves/Precision-Recall(B)_table_1_0daecd9a86aa2002ee5a.table.json", "ncols": 3, "nrows": 1200}, "curves/F1-Confidence(B)_table": {"_type": "table-file", "sha256": "002fbbb11860871623937ca4c9a585e04ebacaf6bb45bda0acc63f0ca1ee4f8a", "size": 31941, "artifact_path": "wandb-client-artifact://l5om0y50qnpq079imajlep1hv221pn6d7nqtmaqofy3w0igt422v0h1tlw0b7fgdceg8lptl0mze3ur7n1l8fnxwi7lmnb3u62vdzzewvekrew0l6lp9p61r176fk5nb:latest/curves/F1-Confidence(B)_table.table.json", "_latest_artifact_path": "wandb-client-artifact://l5om0y50qnpq079imajlep1hv221pn6d7nqtmaqofy3w0igt422v0h1tlw0b7fgdceg8lptl0mze3ur7n1l8fnxwi7lmnb3u62vdzzewvekrew0l6lp9p61r176fk5nb:latest/curves/F1-Confidence(B)_table.table.json", "path": "media/table/curves/F1-Confidence(B)_table_1_002fbbb1186087162393.table.json", "ncols": 3, "nrows": 1200}, "curves/Precision-Confidence(B)_table": {"_type": "table-file", "sha256": "1eb5e5204272199c46b5ccf1dda6246118e02ba3554b3a087f72c6a0eb07c9bb", "size": 31816, "artifact_path": "wandb-client-artifact://m1rm9csj4792w49dxgrozgip9tzg8lurijj3tsreop52aalsp6691vjoakg5oe5dovy1u8s7gdwxgqeb0g88dybijpr90yr4l3j943glc3k3pr0y9yu7k7o3juaxqecx:latest/curves/Precision-Confidence(B)_table.table.json", "_latest_artifact_path": "wandb-client-artifact://m1rm9csj4792w49dxgrozgip9tzg8lurijj3tsreop52aalsp6691vjoakg5oe5dovy1u8s7gdwxgqeb0g88dybijpr90yr4l3j943glc3k3pr0y9yu7k7o3juaxqecx:latest/curves/Precision-Confidence(B)_table.table.json", "path": "media/table/curves/Precision-Confidence(B)_table_1_1eb5e5204272199c46b5.table.json", "ncols": 3, "nrows": 1200}, "curves/Recall-Confidence(B)_table": {"_type": "table-file", "sha256": "82aa9968b817b1fe9a9411013d1fa344cc0e5f725574cfc1919db545a127bd91", "size": 31878, "artifact_path": "wandb-client-artifact://fuitiiwjza759lefu8gpqw3tp7kw32dh2jawnqnopkn8qk1pgcgxlytc1bmwsxrn3pu7rf1an5rrz8ewjli436x53fla5k013l6h0ftssgo6jzlqit8wrp2jjk9kz5nc:latest/curves/Recall-Confidence(B)_table.table.json", "_latest_artifact_path": "wandb-client-artifact://fuitiiwjza759lefu8gpqw3tp7kw32dh2jawnqnopkn8qk1pgcgxlytc1bmwsxrn3pu7rf1an5rrz8ewjli436x53fla5k013l6h0ftssgo6jzlqit8wrp2jjk9kz5nc:latest/curves/Recall-Confidence(B)_table.table.json", "path": "media/table/curves/Recall-Confidence(B)_table_1_82aa9968b817b1fe9a94.table.json", "ncols": 3, "nrows": 1200}, "_runtime": 533.1056067943573, "_step": 1, "_wandb": {"runtime": 530}}