{"train/box_loss": 0.65353, "train/cls_loss": 1.21608, "train/dfl_loss": 0.90735, "_timestamp": 1698278332.8324156, "lr/pg0": 0.00022439347141472866, "lr/pg1": 0.00022439347141472866, "lr/pg2": 0.00022439347141472866, "metrics/precision(B)": 0.9375376297649564, "metrics/recall(B)": 0.9387684336024296, "metrics/mAP50(B)": 0.9730715259409038, "metrics/mAP50-95(B)": 0.8542743910543872, "val/box_loss": 0.52879, "val/cls_loss": 0.58705, "val/dfl_loss": 0.85463, "labels": {"_type": "image-file", "sha256": "0a6dd5feec17118664a81c62cd5c155e5590c11b1c13e164614dec2d57452c3c", "size": 148630, "path": "media/images/labels_1_0a6dd5feec17118664a8.jpg", "format": "jpg", "width": 1600, "height": 1600}, "train_batch0": {"_type": "image-file", "sha256": "c49614a7909269b4d4dcc8ff0b7e19d753894a956ea6ce7cabef221ebe1e375e", "size": 441609, "path": "media/images/train_batch0_1_c49614a7909269b4d4dc.jpg", "format": "jpg", "width": 1920, "height": 1920}, "train_batch1": {"_type": "image-file", "sha256": "3b8ca7743baf22d2a92152b73da999639e3f86557a8c53f3101267f80067f01f", "size": 410185, "path": "media/images/train_batch1_1_3b8ca7743baf22d2a921.jpg", "format": "jpg", "width": 1920, "height": 1920}, "train_batch2": {"_type": "image-file", "sha256": "3c3d07a0f10dc2600fdedd98bfc282cea3a61877a251f689801a1382e23b1593", "size": 464469, "path": "media/images/train_batch2_1_3c3d07a0f10dc2600fde.jpg", "format": "jpg", "width": 1920, "height": 1920}, "model/parameters": 3012993, "model/GFLOPs": 8.205, "model/speed_PyTorch(ms)": 2.083, "_runtime": 1136.5683546066284, "_step": 2, "val_batch0_labels": {"_type": "image-file", "sha256": "725b752adbd35e20fd3dbde4238af72b1a2a4ea800cf16856b400d55ad022e5e", "size": 287717, "path": "media/images/val_batch0_labels_2_725b752adbd35e20fd3d.jpg", "format": "jpg", "width": 1920, "height": 824}, "val_batch0_pred": {"_type": "image-file", "sha256": "68b36de5827e8f53faaec2c04facc645e0be2cd74c7e5e23af8a73f5f80dccaa", "size": 290494, "path": "media/images/val_batch0_pred_2_68b36de5827e8f53faae.jpg", "format": "jpg", "width": 1920, "height": 824}, "val_batch1_labels": {"_type": "image-file", "sha256": "608a631595897a48fb171c719946c8248649079c8af960b0f7092a73f048e595", "size": 289684, "path": "media/images/val_batch1_labels_2_608a631595897a48fb17.jpg", "format": "jpg", "width": 1920, "height": 824}, "val_batch1_pred": {"_type": "image-file", "sha256": "ac77052cbafe172efc9a066b298d9d4c75b00c34d00a1b3acddd659704b92d6e", "size": 290974, "path": "media/images/val_batch1_pred_2_ac77052cbafe172efc9a.jpg", "format": "jpg", "width": 1920, "height": 824}, "val_batch2_labels": {"_type": "image-file", "sha256": "c857780f45e2a8f9df276af97d3bc73bccbfd104a24b880f84885510f2a18f18", "size": 269111, "path": "media/images/val_batch2_labels_2_c857780f45e2a8f9df27.jpg", "format": "jpg", "width": 1920, "height": 824}, "val_batch2_pred": {"_type": "image-file", "sha256": "b32a60fd249dec1b42c785e31996c8180d457a6713e8cc93033dba72cbe1b894", "size": 272023, "path": "media/images/val_batch2_pred_2_b32a60fd249dec1b42c7.jpg", "format": "jpg", "width": 1920, "height": 824}, "PR_curve": {"_type": "image-file", "sha256": "ea595715bf5f1426be994b17bad3f29b4b4a088aa54668af757354552f6c0c35", "size": 198102, "path": "media/images/PR_curve_2_ea595715bf5f1426be99.png", "format": "png", "width": 2250, "height": 1500}, "F1_curve": {"_type": "image-file", "sha256": "2189af43656718f9e6e6a0c3c466f911e93b20ad9a506dcef10dec57155c0e5e", "size": 349460, "path": "media/images/F1_curve_2_2189af43656718f9e6e6.png", "format": "png", "width": 2250, "height": 1500}, "P_curve": {"_type": "image-file", "sha256": "ff064a16cd93e5de147227b0e268a3f7bbbeeb9f6bb5beb74c6b6a168a750c2d", "size": 265833, "path": "media/images/P_curve_2_ff064a16cd93e5de1472.png", "format": "png", "width": 2250, "height": 1500}, "R_curve": {"_type": "image-file", "sha256": "fe926fd314c5ed15af15131e13d6e20c92e4ce15fd75593b784827a6a1882b9d", "size": 285580, "path": "media/images/R_curve_2_fe926fd314c5ed15af15.png", "format": "png", "width": 2250, "height": 1500}, "confusion_matrix_normalized": {"_type": "image-file", "sha256": "65b89d2e28155390b1baee9136b79f591c0f2168dc74f9cbf22176ba829a57fc", "size": 213054, "path": "media/images/confusion_matrix_normalized_2_65b89d2e28155390b1ba.png", "format": "png", "width": 3000, "height": 2250}, "confusion_matrix": {"_type": "image-file", "sha256": "2f73ce2831ab07ba6e27706f5fb2b89de9473aff2f08df40cb603590ff04c337", "size": 176468, "path": "media/images/confusion_matrix_2_2f73ce2831ab07ba6e27.png", "format": "png", "width": 3000, "height": 2250}, "results": {"_type": "image-file", "sha256": "4a74568b1a525425ea2e8c1354b15e47049f52ffd2dbdc6ea51390c7eaea8ed6", "size": 258512, "path": "media/images/results_2_4a74568b1a525425ea2e.png", "format": "png", "width": 2400, "height": 1200}, "curves/Precision-Recall(B)_table": {"_type": "table-file", "sha256": "60a3cfb0b6d59c4d80c0c6a65dae0e8e57979357fc989f0b1c219a2ea408048f", "size": 31024, "artifact_path": "wandb-client-artifact://mq71sdc99j75om5o4am7vbcxq4rmx4ishqsrubdu30dugz304aprcpad4yyu8672m4a0oykz0rkua3ouhadzve4hpnoz33r4h16cf3kjnajbk0e9sf1qbc0ld0zybp3t:latest/curves/Precision-Recall(B)_table.table.json", "_latest_artifact_path": "wandb-client-artifact://mq71sdc99j75om5o4am7vbcxq4rmx4ishqsrubdu30dugz304aprcpad4yyu8672m4a0oykz0rkua3ouhadzve4hpnoz33r4h16cf3kjnajbk0e9sf1qbc0ld0zybp3t:latest/curves/Precision-Recall(B)_table.table.json", "path": "media/table/curves/Precision-Recall(B)_table_2_60a3cfb0b6d59c4d80c0.table.json", "ncols": 3, "nrows": 1200}, "curves/F1-Confidence(B)_table": {"_type": "table-file", "sha256": "f53a2763d5e9bf5dd2f57744afbbb2ac8f811775973f929c0ac7eba423f78cef", "size": 31945, "artifact_path": "wandb-client-artifact://jngok8oe38wzzfbnfc75ybha850ukdwwdirvcbg6vifrzor2trbf5w0dwzd4bvrsszavx6ae0htycmjucz0y01s53k7gwinqfad9ts1nv3m4xp4uhj7o2arrhoqkvsim:latest/curves/F1-Confidence(B)_table.table.json", "_latest_artifact_path": "wandb-client-artifact://jngok8oe38wzzfbnfc75ybha850ukdwwdirvcbg6vifrzor2trbf5w0dwzd4bvrsszavx6ae0htycmjucz0y01s53k7gwinqfad9ts1nv3m4xp4uhj7o2arrhoqkvsim:latest/curves/F1-Confidence(B)_table.table.json", "path": "media/table/curves/F1-Confidence(B)_table_2_f53a2763d5e9bf5dd2f5.table.json", "ncols": 3, "nrows": 1200}, "curves/Precision-Confidence(B)_table": {"_type": "table-file", "sha256": "c76a0936232a633da5b859e6d48cc4105ae7b409b98025cdf58152f453acf0ca", "size": 31810, "artifact_path": "wandb-client-artifact://yik2ewmk5c7zyr1eas03tbz1vjwd9mjbyexf4q123yk307rx5mh7yg3pwsrv6vvhde0ye6fu4t2wo2r4id8m6z3lc1yk0zi03ug2k9c7okrcyqmgqescrhuin6p9f6hk:latest/curves/Precision-Confidence(B)_table.table.json", "_latest_artifact_path": "wandb-client-artifact://yik2ewmk5c7zyr1eas03tbz1vjwd9mjbyexf4q123yk307rx5mh7yg3pwsrv6vvhde0ye6fu4t2wo2r4id8m6z3lc1yk0zi03ug2k9c7okrcyqmgqescrhuin6p9f6hk:latest/curves/Precision-Confidence(B)_table.table.json", "path": "media/table/curves/Precision-Confidence(B)_table_2_c76a0936232a633da5b8.table.json", "ncols": 3, "nrows": 1200}, "curves/Recall-Confidence(B)_table": {"_type": "table-file", "sha256": "97e9f2df62c3db3c2b95d33f5188f14d8093b1aad1712a005b2fe456152b7393", "size": 31660, "artifact_path": "wandb-client-artifact://q316m8xft0nzwiweoqpj5yi8onquj8o08hm13sqa5p1g5nhiks2rna38bfws645deu09dfhrq959zsmbf190xo7llfteol52mrv23j81is6r0xdpfdozywqsczvtn1u5:latest/curves/Recall-Confidence(B)_table.table.json", "_latest_artifact_path": "wandb-client-artifact://q316m8xft0nzwiweoqpj5yi8onquj8o08hm13sqa5p1g5nhiks2rna38bfws645deu09dfhrq959zsmbf190xo7llfteol52mrv23j81is6r0xdpfdozywqsczvtn1u5:latest/curves/Recall-Confidence(B)_table.table.json", "path": "media/table/curves/Recall-Confidence(B)_table_2_97e9f2df62c3db3c2b95.table.json", "ncols": 3, "nrows": 1200}, "_wandb": {"runtime": 1136}}